{"cameraMode":{"drawMode":0,"name":"Shaded","section":"Shading Mode"},"sceneLighting":true,"audioPlay":false,"sceneViewState":{"m_AlwaysRefresh":false,"showFog":true,"showSkybox":true,"showFlares":true,"showImageEffects":true,"showParticleSystems":true,"showVisualEffectGraphs":true,"m_FxEnabled":true},"in2DMode":false,"pivot":{"x":5.008962154388428,"y":5.535215377807617,"z":0.8230533599853516},"rotation":{"x":-0.10193629562854767,"y":0.06173282116651535,"z":-0.006336900871247053,"w":-0.9928663372993469},"size":12.12435531616211,"orthographic":false}